model,accuracy,macro_f1,balanced_acc,switch_rate,avg_run_length,latency_ms_per_sample,result_dir
HistGBDT,0.5487394957983194,0.4440581273768783,0.4496037863758159,0.5357798165137615,1.739766081871345,0.0144888490904122,w8_raw_label_smote
RandomForest,0.5319327731092437,0.4309584933947357,0.4483139076363215,0.544954128440367,1.7146974063400575,0.1268184693995863,w8_raw_label_smote
RandomForest,0.5961630695443645,0.4246508572310924,0.4245246294220953,0.4361370716510903,2.0870870870870872,0.113977046823129,w8_dvfs_level_smote
HistGBDT,0.5918465227817746,0.4232979678831028,0.4220543159075232,0.4475597092419522,2.0421155729676785,0.0163017086684703,w8_dvfs_level_weighted
HistGBDT,0.5630252100840336,0.420578717910335,0.4099239409647064,0.4357798165137614,2.0695652173913044,0.0175530459731817,w8_raw_label_weighted
LogReg,0.4252100840336134,0.4109376216684264,0.5110802777699915,0.6073394495412844,1.561679790026247,0.0001186713110655,w8_raw_label_smote
DecisionTree,0.4369747899159664,0.4074866918346034,0.4742991470826503,0.6128440366972477,1.5494791666666667,0.0001283823046833,w8_raw_label_weighted
DecisionTree,0.4218487394957983,0.4073440207904429,0.4883033668555079,0.6082568807339449,1.5596330275229358,0.0001362293027341,w8_raw_label_smote
LogReg,0.4151260504201681,0.403062557021543,0.5053792241417794,0.591743119266055,1.5973154362416109,0.0001043539028614,w8_raw_label_weighted
DecisionTree,0.4661870503597122,0.4024995290726001,0.4580951357583299,0.616822429906542,1.5478841870824054,0.0001284333877265,w8_dvfs_level_smote
HistGBDT,0.5294117647058824,0.3967979027022311,0.4003955278227122,0.4981651376146789,1.8506998444790048,0.0136876257136464,w8_final_label_smote
LinearSVM,0.4016806722689076,0.3944933551352058,0.5183552506134658,0.5798165137614679,1.6256830601092895,0.0001077419146895,w8_raw_label_smote
LinearSVM,0.6042016806722689,0.3846676598970177,0.4304459691548931,0.2926605504587156,2.840095465393795,0.0001075892243534,w8_raw_label_weighted
HistGBDT,0.4494004796163069,0.383276461409067,0.4279047180506699,0.5726895119418484,1.6521394611727416,0.0189275227021425,w8_dvfs_level_smote
kNN,0.4249400479616307,0.3742285601966464,0.4385669374568627,0.6370716510903427,1.5043290043290043,0.13609409336932,w8_dvfs_level_smote
kNN,0.3924369747899159,0.369264580944253,0.4496873928316461,0.6311926605504588,1.5101522842639594,0.0874389270786196,w8_raw_label_smote
DecisionTree,0.4268585131894484,0.3652216243864941,0.4155771787988915,0.602803738317757,1.5795454545454546,0.000139066716656,w8_dvfs_level_weighted
HistGBDT,0.5025210084033613,0.3642021091487245,0.3653950890632342,0.5027522935779817,1.83641975308642,0.0187587028834968,w8_majority_label_smote
RandomForest,0.5235294117647059,0.3633292509303366,0.3692679237880075,0.4614678899082569,1.9734660033167493,0.1160592081025242,w8_majority_label_smote
RandomForest,0.5310924369747899,0.3596571221357128,0.3612058260116513,0.4522935779816514,2.0067453625632377,0.1459803550969809,w8_final_label_smote
HistGBDT,0.5638655462184874,0.3586066706655628,0.3565547036420823,0.3853211009174312,2.2884615384615383,0.0191639252007007,w8_final_label_weighted
DecisionTree,0.4210084033613445,0.3559850886293896,0.3937712888737009,0.618348623853211,1.537467700258398,0.0001359811984002,w8_majority_label_weighted
LogReg,0.3756302521008403,0.354373855878457,0.4601019018192346,0.6302752293577981,1.5120711562897078,0.0001096739899367,w8_majority_label_smote
HistGBDT,0.542016806722689,0.351355967398619,0.3496615929337947,0.3944954128440367,2.2452830188679247,0.0152472858782857,w8_majority_label_weighted
LogReg,0.381294964028777,0.3482901570444507,0.4377051291595242,0.6651090342679128,1.4479166666666667,0.0001137571875005,w8_dvfs_level_weighted
LinearSVM,0.6364508393285372,0.3437432654490598,0.3727166049284781,0.1879543094496365,4.001919385796545,0.0001050408929586,w8_dvfs_level_weighted
LogReg,0.3663865546218487,0.3437430596446591,0.4446558499807777,0.6247706422018349,1.5236875800256082,0.0001092272810637,w8_majority_label_weighted
LogReg,0.3672268907563025,0.3405967918502737,0.4491988120628897,0.6486238532110091,1.4745972738537794,0.0001124161295592,w8_final_label_weighted
DecisionTree,0.388235294117647,0.3382845118409949,0.3967226321595253,0.6247706422018349,1.5236875800256082,0.0001413915771991,w8_final_label_smote
LogReg,0.3621848739495798,0.3373461259604902,0.4443212950494504,0.6467889908256881,1.4782608695652173,0.000112188514322,w8_final_label_smote
LogReg,0.3678657074340528,0.3372824063733154,0.4279370552304434,0.6630321910695742,1.451949860724234,0.0001421249005943,w8_dvfs_level_smote
kNN,0.3689075630252101,0.3348814825194757,0.4111322327341745,0.634862385321101,1.5025252525252526,0.0874829610809683,w8_final_label_smote
LinearSVM,0.3504201680672268,0.3344890644429815,0.4534290808585635,0.6247706422018349,1.5236875800256082,0.000101174833253,w8_majority_label_smote
LinearSVM,0.3504201680672268,0.3317244648118763,0.457098435253775,0.634862385321101,1.5025252525252526,0.0001049689017236,w8_final_label_smote
kNN,0.6455635491606715,0.3312222148366944,0.3523138880215113,0.1734164070612668,4.22920892494929,0.0832523821853101,w8_dvfs_level_weighted
LinearSVM,0.3539568345323741,0.3307062642391984,0.4342805095396365,0.6593977154724818,1.4590622813156051,0.0001080804038792,w8_dvfs_level_smote
DecisionTree,0.3764705882352941,0.329040535392647,0.3769681084168276,0.6403669724770642,1.4912280701754386,0.0001385232899338,w8_majority_label_smote
RandomForest,0.6834532374100719,0.3269590300425909,0.3610442753254854,0.0425752855659397,8.651452282157676,0.1007698857225477,w8_dvfs_level_weighted
kNN,0.3487394957983193,0.3242604245516513,0.400816294323969,0.673394495412844,1.4268585131894485,0.0860893283970654,w8_majority_label_smote
kNN,0.611764705882353,0.3227262734752842,0.3457268830398974,0.1963302752293578,3.789808917197452,0.0514895105734467,w8_raw_label_weighted
LinearSVM,0.6033613445378151,0.3225847079237255,0.3775543682039745,0.1834862385321101,3.966666666666667,0.0001159013714641,w8_majority_label_weighted
DecisionTree,0.3941176470588235,0.3196965400689504,0.3588510493850299,0.636697247706422,1.4987405541561714,0.0001341640017926,w8_final_label_weighted
RandomForest,0.6487394957983194,0.3126759336963733,0.3564634607605073,0.0486238532110091,7.777777777777778,0.1086151246912777,w8_raw_label_weighted
LinearSVM,0.6184873949579832,0.3070176380477888,0.3573862323862324,0.1348623853211009,4.817813765182186,0.0001074476167559,w8_final_label_weighted
kNN,0.619327731092437,0.305169174062454,0.3371423941812291,0.1724770642201835,4.131944444444445,0.0513534422032535,w8_final_label_weighted
kNN,0.6016806722689075,0.2986853271477468,0.3330369898382955,0.1788990825688073,4.033898305084746,0.0530948173254728,w8_majority_label_weighted
RandomForest,0.6386554621848739,0.2751613012090394,0.338770747011054,0.0155963302752293,10.17094017094017,0.1297849060036242,w8_majority_label_weighted
RandomForest,0.6504201680672269,0.2627291242362525,0.332046332046332,0.0045871559633027,11.333333333333334,0.142457401426509,w8_final_label_weighted
