Metric,Unit,Default Windows High,HistGBDT-RPM,Baseline-referenced difference,Difference type,Change vs. baseline (%)
Average CPU power,W,12.948395026922942,12.918115699631166,0.030279327291778766,Time-weighted mean delta,-0.23384618115849726
Average IPC,IPC,1.053926531156676,1.0584015865926273,-0.0044750554359512225,Time-weighted mean delta,0.42460791180956936
Average CPU usage,%,18.308826256943846,21.038553212066503,-2.72972695512266,Time-weighted mean delta,14.909349822943323
Average L2 miss rate,ratio,0.5345373922774095,0.5409584380863668,-0.006421045808957239,Time-weighted mean delta,1.2012341702795164
Average L3 miss rate,ratio,0.3452327267588763,0.3533695566948492,-0.008136829935972896,Time-weighted mean delta,2.3569115281634336
Average temperature,°C,0.0,0.0,0.0,Time-weighted mean delta,
Average frequency,GHz,0.0012849104991557875,0.0011791855599135224,0.00010572493924226464,Time-weighted mean delta,-8.228194828490269
Task Execution Time,s,400.6830042,462.82804120000003,-62.145037,Absolute Difference,15.509776144380819
Total Instructions Retired,count,4524312689153.976,4548034200656.729,-23721511502.75293,Absolute Difference,0.5243119371395335
Total CPU Cycles,count,4189541491915.2,4278670103096.0,-89128611180.7998,Absolute Difference,2.12740729153289
Total Memory Data Transferred,GB,268.9716915679454,280.6952499807596,-11.723558412814214,Absolute Difference,4.358658840442584
Instructions per Joule (Efficiency),Inst/J,838738412.7601235,757418705.0098875,81319707.75023603,Absolute Difference,-9.695479128305193
Integrated CPU energy,J,5394.188009424,6004.649965170001,-610.4619557460019,Integrated energy difference,11.317031491662599
Energy-Delay Product (EDP),J*s,2161359.456835626,2779120.38147128,-617760.9246356538,Absolute Difference,28.582053886589364
Energy-Delay Squared (ED^2P),J*s^2,866020000.320979,1286254842.4153495,-420234842.0943705,Absolute Difference,48.5248426062465
