Metric,Unit,Default Windows low,HistGBDT-RPM,Baseline-referenced difference,Difference type,Change vs. baseline (%)
Average CPU power,W,10.453160502369924,7.987001706360544,2.4661587960093816,Time-weighted mean delta,-23.592470386829483
Average IPC,IPC,0.6741577248701819,0.7007280850127828,-0.02657036014260079,Time-weighted mean delta,3.941267623643625
Average CPU usage,%,16.96624354440935,31.45454241574688,-14.48829887133753,Time-weighted mean delta,85.39485380729231
Average L2 miss rate,ratio,0.5089141425828965,0.49891519145122887,0.009998951131667598,Time-weighted mean delta,-1.9647618910568754
Average L3 miss rate,ratio,0.2221452384842837,0.18569603376595056,0.03644920471833317,Time-weighted mean delta,-16.40782623432725
Average temperature,°C,0.0,0.0,0.0,Time-weighted mean delta,
Average frequency,GHz,0.0012416413339240272,0.0006157183474452832,0.0006259229864787445,Time-weighted mean delta,-50.41093344570008
Task Execution Time,s,192.32074759999998,416.7708316,-224.45008400000003,Absolute Difference,116.70612079089071
Total Instructions Retired,count,1263900218656.9517,1450104828499.2,-186204609842.2483,Absolute Difference,14.732540361462506
Total CPU Cycles,count,2010905736905.6,2065107057091.2,-54201320185.59985,Absolute Difference,2.695368519312364
Total Memory Data Transferred,GB,6.026810765826703,14.684618218588827,-8.657807452762125,Absolute Difference,143.6548746785569
Instructions per Joule (Efficiency),Inst/J,603092045.9150162,435235654.70679563,167856391.20822054,Absolute Difference,-27.832632240000354
Integrated CPU energy,J,2095.7003615250005,3331.769382442,-1236.0690209169993,Integrated energy difference,58.9811904225438
Energy-Delay Product (EDP),J*s,403046.6602740783,1388584.2962197708,-985537.6359456924,Absolute Difference,244.52197055187375
Energy-Delay Squared (ED^2P),J*s^2,77514235.02159396,578721431.8822147,-501207196.86062074,Absolute Difference,646.6001976553006
